stop_point_ref,stop_name,call_count,avg_arrival_delay,avg_departure_delay,median_arrival_delay,median_departure_delay,latitude,longitude
cz:55100:NVBW_99711,Praha Florenc/Busbahnhof,1,,0.0,,0.0,,
cz:55100:NVBW_11342:0:1,Praha Na Knížecí,1,0.0,0.0,0.0,0.0,,
de:09362:11090:5:16,Regensburg Hbf,1,0.0,0.0,0.0,0.0,,
de:09161:9009:3:7,Ingolstadt Nord,1,0.0,0.0,0.0,0.0,,
de:09771:2301:0:E,"Aichach, Bäckerei Zametzer",1,0.0,0.0,0.0,0.0,,
de:09761:432:0:1,"Augsburg, Fernbushaltestelle",1,0.0,0.0,0.0,0.0,,
de:08421:1699:0:1,Ulm Fernbus-Halt,2,0.0,0.0,0.0,0.0,,
de:08116:2103:3:1,Flughafen/Messe,2,0.0,0.0,0.0,0.0,,
de:08416:11000,Tübingen Hauptbahnhof,2,0.0,0.0,0.0,0.0,,
ch:23026:62997:0:1,"Zürich, Bus Station",1,0.0,,0.0,,,
fr:24075:11171:0:Flix,Paris Bercy Seine,1,,0.0,,0.0,,
fr:24077:1444:0:Flix,Chessy Sud,1,0.0,0.0,0.0,0.0,,
fr:24067:1301,Strasbourg Etoile Bourse,1,0.0,0.0,0.0,0.0,,
de:08317:14509:1:1,Offenburg Messe Offenburg,1,0.0,0.0,0.0,0.0,,
de:08237:1002:2:8,FDS Stadtbahnhof,1,0.0,0.0,0.0,0.0,,
de:09162:145:17:17,ZOB,1,0.0,,0.0,,,
de:08416:11000:4:5,Tübingen Hauptbahnhof,1,,8.0,,8.0,,
de:08415:22006:2:1,Reutlingen Hauptbahnhof,2,3.5,7.0,3.5,7.0,,
de:08415:22008:3:2,Metzingen Bahnhof,1,7.0,7.0,7.0,7.0,,
de:08116:5772:1:2,Bempflingen,1,7.0,7.0,7.0,7.0,,
de:08116:2931:2:2,Nürtingen,1,6.0,6.0,6.0,6.0,,
de:08116:5770:1:1,Oberboihingen,1,6.0,6.0,6.0,6.0,,
de:08116:4257:1:1,Wendlingen (N),1,6.0,6.0,6.0,6.0,,
de:08116:7802:1:7,Plochingen,1,6.0,6.0,6.0,6.0,,
de:08116:7800:1:7,Esslingen (N),1,5.0,5.0,5.0,5.0,,
de:08111:6333:2:1,Bad Cannstatt,1,5.0,5.0,5.0,5.0,,
de:08111:6115:2:3,Stuttgart Hauptbahnhof (oben),1,5.0,0.0,5.0,0.0,,
de:08118:7402:3:1,Ludwigsburg,1,0.0,0.0,0.0,0.0,,
de:08118:1400:4:10,Bietigheim,1,0.0,0.0,0.0,0.0,,
de:08118:5583:1:1,Besigheim,1,0.0,0.0,0.0,0.0,,
de:08118:5785:1:1,Walheim,1,0.0,0.0,0.0,0.0,,
de:08118:5723:1:1,Kirchheim (N),1,0.0,0.0,0.0,0.0,,
de:08125:1438:3:2,Lauffen (N),1,0.0,0.0,0.0,0.0,,
de:08125:8155:2:2,Nordheim (Württ),1,0.0,0.0,0.0,0.0,,
de:08121:26:4:4,Heilbronn Hauptbahnhof,1,0.0,,0.0,,,
de:08416:11000:2:1,Tübingen Hauptbahnhof,2,,0.0,,0.0,,
de:08416:12001:3:2,Tübingen Lustnau Bahnhof,2,0.0,0.5,0.0,0.5,,
de:08416:2002:3:2,K'furt Bahnhof,2,0.0,0.5,0.0,0.5,,
de:08415:22003:3:2,Wannweil Bahnhof,2,0.0,0.0,0.0,0.0,,
de:08415:22004:3:2,Betzingen Bahnhof,2,0.0,0.0,0.0,0.0,,
de:08415:22005:3:2,Reutlingen Westbahnhof,2,0.0,0.0,0.0,0.0,,
de:08415:22006:3:3,Reutlingen Hauptbahnhof,1,0.0,,0.0,,,
de:08416:11000:2:13,Tübingen Hauptbahnhof,3,,0.0,,0.0,,
de:08416:12041:5:1,Tübingen Westbahnhof,2,0.0,0.0,0.0,0.0,,
de:08416:12046:2:1,Unterjesingen Sandäcker,3,0.0,0.0,0.0,0.0,,
de:08416:12043:2:1,Unterjesingen Mitte Bf.,3,0.0,0.0,0.0,0.0,,
de:08416:2043:2:1,Pfäffingen Bahnhof,3,0.0,0.0,0.0,0.0,,
de:08416:2044:2:1,Entringen Bahnhof,2,0.0,0.0,0.0,0.0,,
de:08416:5212:2:1,Altingen Bahnhof,2,0.0,0.0,0.0,0.0,,
de:08115:3231:1:1,Gültstein,2,0.0,0.0,0.0,0.0,,
de:08115:7202:1:1,Herrenberg Zwerchweg,2,0.0,0.0,0.0,0.0,,
de:08115:4512:4:102,Herrenberg,2,0.0,,0.0,,,
de:08416:12041:5:2,Tübingen Westbahnhof,1,0.0,0.0,0.0,0.0,,
de:08416:2044:2:2,Entringen Bahnhof,1,0.0,,0.0,,,
de:08416:11000:4:6,Tübingen Hauptbahnhof,2,,0.0,,0.0,,
de:08416:12101:2:1,Tübingen Derendingen Bhf,2,0.0,0.0,0.0,0.0,,
de:08416:2102:1:1,Dußlingen Bahnhof,2,0.0,0.0,0.0,0.0,,
de:08416:2103:2:1,Nehren Bahnhof,2,0.0,0.0,0.0,0.0,,
de:08416:1006:2:1,Mössingen Bahnhof,1,0.0,0.0,0.0,0.0,,
de:08416:4456:3:1,Belsen Bahnhof,2,0.0,0.0,0.0,0.0,,
de:08416:2106:1:1,Bodelshausen Bahnhof,2,0.0,0.0,0.0,0.0,,
de:08417:32107:2:1,Hechingen Bf/ZOB,2,0.0,0.0,0.0,0.0,,
de:08417:30104:3:2,Bisingen Bahnhof,1,0.0,0.0,0.0,0.0,,
de:08417:32109:4:3,Balingen Bahnhof/Busbf,2,0.0,0.0,0.0,0.0,,
de:08417:32110:3:2,Ebingen Bahnhof,2,0.0,,0.0,,,
de:08416:1006:3:2,Mössingen Bahnhof,1,0.0,0.0,0.0,0.0,,
de:08417:30104:2:1,Bisingen Bahnhof,1,0.0,0.0,0.0,0.0,,
de:08417:30752:2:1,Engstlatt Bahnhof,1,0.0,0.0,0.0,0.0,,
de:08417:32113:2:1,Balingen Süd,1,0.0,0.0,0.0,0.0,,
de:08417:32200:2:1,Frommern Bahnhof,1,0.0,0.0,0.0,0.0,,
de:08417:32115:2:1,Laufen Bahnhof,1,0.0,0.0,0.0,0.0,,
de:08417:32116:2:Gleis,Albstadt-Lautlingen,1,0.0,0.0,0.0,0.0,,
de:08417:47604:2:1,Ebingen West,1,0.0,0.0,0.0,0.0,,
de:08416:11000:3:12,Tübingen Hauptbahnhof,2,,2.5,,2.5,,
de:08416:2503:2:1,Kiebingen Bhf,2,2.5,2.5,2.5,2.5,,
de:08416:1005:3:2,Rottenburg Bahnhof,1,4.0,4.0,4.0,4.0,,
de:08416:2505:2:1,Bad Niedernau Bahnhof,1,4.0,3.0,4.0,3.0,,
de:08416:2506:3:2,Bieringen (Neckar) Bahnhof,1,3.0,4.0,3.0,4.0,,
de:08237:8031:3:2,Eyach Bahnhof,1,3.0,0.0,3.0,0.0,,
de:08237:5212:2:1,Mühlen Bahnhof,1,0.0,0.0,0.0,0.0,,
de:08237:5001:4:6,Horb Bahnhof/ZOB,1,0.0,,0.0,,,
de:08416:1005:2:1,Rottenburg Bahnhof,1,0.0,,0.0,,,
de:08416:11000:14:H,Tübingen Hauptbahnhof,11,0.0,0.0,0.0,0.0,,
de:08416:10904:0:1,Tübingen Freibad,6,3.0,3.0,0.0,0.0,,
de:08416:10906:0:1,Weilheim Kneiple,3,0.0,0.0,0.0,0.0,,
de:08416:10905:0:1,Weilheim Alte Landstr.,3,0.0,0.0,0.0,0.0,,
de:08416:10907:0:1,Weilheim Rathaus,3,0.0,0.0,0.0,0.0,,
de:08416:13050:0:1,Kilchberg Keltengrab,3,0.0,0.0,0.0,0.0,,
de:08416:13041:0:1,Kilchberg Rathaus,3,0.0,0.0,0.0,0.0,,
de:08416:13303:1:1,Kilchberg Schloß,3,0.0,0.0,0.0,0.0,,
de:08416:12502:1:1,Kilchberg Bahnhof,3,0.0,0.0,0.0,0.0,,
de:08416:13034:0:1,Bühl Rathaus,3,0.0,0.0,0.0,0.0,,
de:08416:3035:0:1,Kiebingen Löwen,1,0.0,0.0,0.0,0.0,,
de:08416:3040:0:1,Rottenburg Schlachthaus,1,0.0,0.0,0.0,0.0,,
de:08416:1005:1:A,Rottenburg Bahnhof,1,0.0,,0.0,,,
de:08416:10204:0:5,Tübingen BG Unfallklinik,15,1.736,1.379,0.0,0.0,,
de:08416:10203:0:4,Tübingen Uni-Kliniken Berg,15,1.371,1.393,0.0,0.0,,
de:08416:10190:0:4,Tübingen Breiter Weg,6,3.0,3.0,0.0,0.0,,
de:08416:10191:0:4,Tübingen Calwerstraße,6,3.0,3.0,0.0,0.0,,
de:08416:10192:0:4,Tübingen Parkhaus König,8,2.25,2.25,0.0,0.0,,
de:08416:10508:0:4,Tübingen Stadtgraben,37,0.559,0.559,0.0,0.0,,
de:08416:10502:0:5,Tübingen Nonnenhaus,37,0.562,0.573,0.0,0.0,,
de:08416:10501:0:4,Tübingen Neckarbrücke,37,0.532,0.543,0.0,0.0,,
de:08416:11000:14:J,Tübingen Hauptbahnhof,55,0.4,0.421,0.0,0.0,,
de:08416:13035:0:1,Bühl Römerstraße,4,0.0,0.0,0.0,0.0,,
de:08416:13034:0:4,Bühl Rathaus,2,0.0,0.0,0.0,0.0,,
de:08416:12502:1:4,Kilchberg Bahnhof,2,0.0,0.0,0.0,0.0,,
de:08416:13303:3:4,Kilchberg Schloß,2,0.0,0.0,0.0,0.0,,
de:08416:13041:0:4,Kilchberg Rathaus,2,0.0,0.0,0.0,0.0,,
de:08416:13050:0:4,Kilchberg Keltengrab,2,0.0,0.0,0.0,0.0,,
de:08416:10907:0:4,Weilheim Rathaus,2,0.0,0.0,0.0,0.0,,
de:08416:10905:0:4,Weilheim Alte Landstr.,2,0.0,0.0,0.0,0.0,,
de:08416:10906:0:4,Weilheim Kneiple,2,0.0,0.0,0.0,0.0,,
de:08416:10904:0:4,Tübingen Freibad,5,3.54,3.62,0.0,0.0,,
de:08416:11000:11:B,Tübingen Hauptbahnhof,20,1.131,0.805,0.0,0.0,,
de:08416:10501:0:3,Tübingen Neckarbrücke,38,0.461,0.461,0.0,0.0,,
de:08416:10520:0:3,Tübingen Wilhelmstraße,39,0.436,0.436,0.0,0.0,,
de:08416:10509:0:1,Tübingen Gmelinstraße,20,0.805,0.805,0.0,0.0,,
de:08416:10507:0:8,Tübingen Hölderlinstraße,45,0.432,0.443,0.0,0.0,,
de:08416:10510:0:1,Tübingen Rümelinstraße,17,1.044,1.044,0.0,0.0,,
de:08416:10192:0:2,Tübingen Parkhaus König,7,2.3,2.3,0.0,0.0,,
de:08416:10191:0:1,Tübingen Calwerstraße,7,2.3,2.3,0.0,0.0,,
de:08416:10190:0:1,Tübingen Breiter Weg,7,2.3,2.3,0.0,0.0,,
de:08416:10203:0:1,Tübingen Uni-Kliniken Berg,20,0.805,0.805,0.0,0.0,,
de:08416:10204:0:3,Tübingen BG Unfallklinik,20,0.805,1.006,0.0,0.0,,
de:08416:11000:13:L,Tübingen Hauptbahnhof,7,,0.014,,0.0,,
de:08416:10517:0:1,Tübingen Blaue Brücke,44,0.007,0.007,0.0,0.0,,
de:08416:10800:0:1,Tübingen Landestheater,26,0.004,0.004,0.0,0.0,,
de:08416:10826:0:1,Tübingen Hügelschule,10,0.01,0.01,0.0,0.0,,
de:08416:10801:0:1,Tübingen Reutlinger Str.,13,0.008,0.008,0.0,0.0,,
de:08416:806:0:0,Kusterdingen Abzw. B 28,7,0.014,0.014,0.0,0.0,,
de:08416:802:0:2,Kusterd. Altes Rathaus,7,0.014,0.014,0.0,0.0,,
de:08416:803:0:0,Kusterdingen Bannholz,7,0.014,0.014,0.0,0.0,,
de:08416:809:0:0,Kusterdingen Liststraße,7,0.014,0.014,0.0,0.0,,
de:08416:807:0:0,Kusterd. Schulzentrum,7,0.014,0.014,0.0,0.0,,
de:08416:804:0:0,Kusterdingen Mozartstr.,7,0.014,0.014,0.0,0.0,,
de:08416:802:0:1,Kusterd. Altes Rathaus,7,0.014,0.014,0.0,0.0,,
de:08416:4004:0:0,Jettenburg Brunnenplatz,7,0.014,0.0,0.0,0.0,,
de:08415:29350:0:1,Betzingen NMI,1,0.0,0.0,0.0,0.0,,
de:08415:29246:0:2,Betzingen Aspenhaustr.,1,0.0,0.0,0.0,0.0,,
de:08415:29245:0:2,Betzingen Mark West,1,0.0,0.0,0.0,0.0,,
de:08415:29244:0:2,Betzingen Täleswiesenstraße,1,0.0,0.0,0.0,0.0,,
de:08415:29170:0:1,Betzingen Ferd.-Lassalle-Str.,3,0.0,0.0,0.0,0.0,,
de:08415:29351:0:2,Betzingen Auchtertstraße,1,0.0,0.0,0.0,0.0,,
de:08415:29352:0:2,Betzingen Im Staudfuß,1,0.0,0.0,0.0,0.0,,
de:08415:22004:1:1,Betzingen Bahnhof,1,0.0,0.0,0.0,0.0,,
de:08415:29353:0:2,Betzingen Zeppelinstraße,1,0.0,0.0,0.0,0.0,,
de:08415:29260:0:2,Reutlingen Stadtwerke,1,0.0,0.0,0.0,0.0,,
de:08415:29110:0:2,Reutlingen Festplatz,1,0.0,0.0,0.0,0.0,,
de:08415:29143:0:2,Reutlingen Lohmühlestr.,1,0.0,0.0,0.0,0.0,,
de:08415:22005:1:2,Reutlingen Westbahnhof,1,0.0,0.0,0.0,0.0,,
de:08415:29333:2:C,Reutlingen Stadtmitte,1,0.0,0.0,0.0,0.0,,
de:08415:22006:1:H4,Reutlingen Hauptbahnhof,1,0.0,,0.0,,,
de:08416:10316:0:1,Tübingen Stauden,7,0.0,0.0,0.0,0.0,,
de:08416:10307:0:4,Tübingen Eichhaldenstraße,3,0.0,0.0,0.0,0.0,,
de:08416:10302:0:4,Tübingen Neuhaldenstraße,3,0.0,0.0,0.0,0.0,,
de:08416:10306:0:4,Tübingen Jürgensenstraße,3,0.0,0.0,0.0,0.0,,
de:08416:10305:0:4,Tübingen Stuttgarter Str.,4,0.0,0.0,0.0,0.0,,
de:08416:10300:0:4,Tübingen Landhausstraße,5,0.0,0.0,0.0,0.0,,
de:08416:10505:0:4,Tübingen Pauline-Krone-Heim,6,0.0,0.0,0.0,0.0,,
de:08416:10506:0:4,Tübingen Mohlstraße,7,0.0,0.0,0.0,0.0,,
de:08416:11000:12:F,Tübingen Hauptbahnhof,15,0.0,0.0,0.0,0.0,,
de:08416:10614:0:1,Tübingen Alter Güterbahnhof,6,0.0,0.0,0.0,0.0,,
de:08416:10816:0:1,Tübingen Schweickhardtstraße,2,0.0,0.0,0.0,0.0,,
de:08416:10813:0:1,Tübingen Stadtwerke,11,0.0,0.0,0.0,0.0,,
de:08416:10808:0:1,Tübingen Aixer Straße,9,0.067,0.067,0.0,0.0,,
de:08416:10818:0:1,Tübingen Wankheimer Täle,2,0.0,0.0,0.0,0.0,,
de:08416:10819:0:4,Tübingen Franz. Viertel,4,0.0,0.0,0.0,0.0,,
de:08416:10323:0:4,Pfrondorf Lindenstraße,6,0.0,0.2,0.0,0.2,,
de:08416:10327:0:4,Pfrondorf Schönbuchhalle,2,0.5,0.5,0.5,0.5,,
de:08416:10326:0:4,Pfrondorf Maienfeldstraße,2,0.6,0.6,0.6,0.6,,
de:08416:10338:0:1,Pfrondorf Bei der Kirche,2,0.0,0.0,0.0,0.0,,
de:08416:10310:0:4,Pfrondorf Lusstraße,2,0.0,0.0,0.0,0.0,,
de:08416:10309:0:4,Pfrondorf Rathaus,1,0.6,0.6,0.6,0.6,,
de:08416:10337:0:4,Pfrondorf Steinbruchstraße,1,0.7,0.7,0.7,0.7,,
de:08416:10308:0:4,Pfrondorf Seestraße,1,0.6,0.6,0.6,0.6,,
de:08416:10333:0:4,Pfrondorf Zollernstraße,1,0.5,0.5,0.5,0.5,,
de:08416:10818:0:4,Tübingen Wankheimer Täle,2,0.0,0.0,0.0,0.0,,
de:08416:10808:0:4,Tübingen Aixer Straße,9,0.029,0.143,0.0,0.0,,
de:08416:10813:0:4,Tübingen Stadtwerke,7,0.214,0.243,0.0,0.0,,
de:08416:10816:0:4,Tübingen Schweickhardtstraße,2,0.0,0.0,0.0,0.0,,
de:08416:10614:0:4,Tübingen Alter Güterbahnhof,2,0.0,0.0,0.0,0.0,,
de:08416:10800:0:4,Tübingen Landestheater,5,0.62,0.66,0.0,0.0,,
de:08416:10518:0:4,Tübingen Poststraße,22,0.145,0.159,0.0,0.0,,
de:08416:11000:11:C,Tübingen Hauptbahnhof,9,0.0,0.0,0.0,0.0,,
de:08416:10501:0:2,Tübingen Neckarbrücke,26,0.0,0.0,0.0,0.0,,
de:08416:10520:0:2,Tübingen Wilhelmstraße,21,0.0,0.0,0.0,0.0,,
de:08416:10503:0:2,Tübingen Uni / Neue Aula,11,0.0,0.0,0.0,0.0,,
de:08416:10504:0:1,Tübingen Lothar-Meyer-Bau,19,0.0,0.0,0.0,0.0,,
de:08416:10505:0:1,Tübingen Pauline-Krone-Heim,12,0.0,0.0,0.0,0.0,,
de:08416:10300:0:1,Tübingen Landhausstraße,11,0.0,0.0,0.0,0.0,,
de:08416:10305:0:1,Tübingen Stuttgarter Str.,10,0.0,0.0,0.0,0.0,,
de:08416:10303:0:1,Tübingen Kreuzstraße,5,0.0,0.0,0.0,0.0,,
de:08416:10322:0:1,Tübingen Dorfackerschule,5,0.0,0.0,0.0,0.0,,
de:08416:10319:0:1,Tübingen Steige,5,0.0,0.0,0.0,0.0,,
de:08416:10320:0:1,Tübingen Wolfsbaumweg,5,0.0,0.0,0.0,0.0,,
de:08416:10325:0:1,Tübingen Gottfr.-Pressel-Weg,5,0.0,0.0,0.0,0.0,,
de:08416:10318:0:1,Tübingen B.-v.-Suttner-Straße,5,0.0,0.0,0.0,0.0,,
de:08416:10315:0:1,Tübingen Herrlesberg,5,0.0,0.0,0.0,0.0,,
de:08416:10317:0:1,Tübingen Käthe-Kollwitz-Str.,5,0.0,0.0,0.0,0.0,,
de:08416:10332:0:1,Tübingen Stäudach,5,0.0,0.0,0.0,0.0,,
de:08416:10333:0:1,Pfrondorf Zollernstraße,5,0.0,0.0,0.0,0.0,,
de:08416:10308:0:1,Pfrondorf Seestraße,5,0.0,0.0,0.0,0.0,,
de:08416:10337:0:1,Pfrondorf Steinbruchstraße,5,0.0,0.0,0.0,0.0,,
de:08416:11000:14:G,Tübingen Hauptbahnhof,5,9.0,3.6,9.0,0.0,,
de:08416:10700:0:1,Tübingen Hegelstraße,10,0.0,0.0,0.0,0.0,,
de:08416:10918:0:1,Tübingen Regierungspräsidium,2,0.0,0.0,0.0,0.0,,
de:08416:10914:0:1,Tübingen Gottlob-Braeuning-Str,2,0.0,0.0,0.0,0.0,,
de:08416:10916:0:1,Tübingen Mühlbachäcker,2,0.0,,0.0,,,
de:08416:11000:11:A,Tübingen Hauptbahnhof,16,0.42,0.1,0.0,0.0,,
de:08416:10503:0:3,Tübingen Uni / Neue Aula,18,0.033,0.033,0.0,0.0,,
de:08416:10250:0:1,Tübingen Linsenbergstraße,5,0.0,0.0,0.0,0.0,,
de:08416:10252:0:4,Tübingen Sand Drosselweg,6,0.0,0.383,0.0,0.0,,
de:08416:10251:0:1,Tübingen Sand Nordring,5,0.0,0.0,0.0,0.0,,
de:08416:10253:0:1,Tübingen Falkenweg,5,0.0,0.0,0.0,0.0,,
de:08416:10213:0:1,Tübingen WHO Ahornweg,24,0.0,0.088,0.0,0.0,,
de:08416:10212:0:1,Tübingen WHO Erlenweg,22,0.086,0.091,0.0,0.0,,
de:08416:10211:0:1,Tübingen WHO Pappelweg,22,0.082,0.086,0.0,0.0,,
de:08416:10260:0:1,Tübingen WHO Ulmenweg,22,0.082,0.25,0.0,0.0,,
de:08416:10260:0:4,Tübingen WHO Ulmenweg,26,0.0,0.065,0.0,0.0,,
de:08416:10211:0:4,Tübingen WHO Pappelweg,26,0.058,0.065,0.0,0.0,,
de:08416:10212:0:4,Tübingen WHO Erlenweg,26,0.042,0.042,0.0,0.0,,
de:08416:10213:0:4,Tübingen WHO Ahornweg,27,0.063,0.207,0.0,0.0,,
de:08416:10214:0:1,Tübingen Weißdornweg,6,0.083,0.133,0.0,0.0,,
de:08416:10234:0:4,Tübingen Waldhäuser Straße,6,0.183,0.183,0.0,0.0,,
de:08416:10229:0:4,Tübingen Maria-von-Linden-Str.,6,0.083,0.083,0.0,0.0,,
de:08416:10233:0:4,Tübingen Max-Planck-Institute,6,0.0,0.0,0.0,0.0,,
de:08416:10231:0:4,Tübingen Sternwarte,6,0.0,0.0,0.0,0.0,,
de:08416:10232:0:4,Tübingen Auf dem Kreuz,6,0.0,0.0,0.0,0.0,,
de:08416:10230:0:4,"Tübingen, Robert-Gradmann-Weg",6,0.0,0.0,0.0,0.0,,
de:08416:10222:0:4,Tübingen Engelfriedshalde,13,0.092,0.092,0.0,0.0,,
de:08416:10221:0:4,Tübingen Im Rotbad,13,0.115,0.131,0.0,0.0,,
de:08416:10235:0:4,Tübingen Brunsstraße,13,0.2,0.208,0.0,0.0,,
de:08416:11000:12:E,Tübingen Hauptbahnhof,16,0.0,0.044,0.0,0.0,,
de:08416:10901:0:1,Tübingen Hechinger Straße,8,0.0,0.0,0.0,0.0,,
de:08416:10920:0:1,Tübingen Loretto,8,0.0,0.0,0.0,0.0,,
de:08416:10921:0:2,Tübingen Hechinger Eck,6,0.0,0.0,0.0,0.0,,
de:08416:10729:0:1,Tübingen Memmingerstraße,6,0.0,0.0,0.0,0.0,,
de:08416:10704:0:1,Tübingen Heinlenstraße,14,0.0,0.0,0.0,0.0,,
de:08416:10705:0:2,Tübingen Feuerhägle,14,0.0,0.0,0.0,0.0,,
de:08416:10706:0:1,Tübingen Paul-Dietz-Straße,6,0.0,0.0,0.0,0.0,,
de:08416:10722:0:1,Tübingen Fuchsstraße,6,0.0,0.0,0.0,0.0,,
de:08416:10723:0:4,Tübingen Nelkenweg,8,0.0,0.0,0.0,0.0,,
de:08416:10722:0:4,Tübingen Fuchsstraße,2,0.0,0.0,0.0,0.0,,
de:08416:10706:0:4,Tübingen Paul-Dietz-Straße,2,0.0,0.0,0.0,0.0,,
de:08416:10713:0:1,Tübingen Feuerhägle Schulen,11,0.009,0.082,0.0,0.0,,
de:08416:10704:0:4,Tübingen Heinlenstraße,11,0.0,0.036,0.0,0.0,,
de:08416:10729:0:4,Tübingen Memmingerstraße,2,0.0,0.0,0.0,0.0,,
de:08416:10921:0:4,Tübingen Hechinger Eck,4,0.0,0.0,0.0,0.0,,
de:08416:10920:0:4,Tübingen Loretto,4,0.0,0.0,0.0,0.0,,
de:08416:10901:0:4,Tübingen Hechinger Straße,4,0.0,0.0,0.0,0.0,,
de:08416:10235:0:1,Tübingen Brunsstraße,10,0.05,0.05,0.0,0.0,,
de:08416:10220:0:1,Tübingen Goethestraße,10,0.05,0.05,0.0,0.0,,
de:08416:10221:0:1,Tübingen Im Rotbad,10,0.0,0.0,0.0,0.0,,
de:08416:10222:0:1,Tübingen Engelfriedshalde,10,0.0,0.0,0.0,0.0,,
de:08416:10230:0:1,"Tübingen, Robert-Gradmann-Weg",6,0.0,0.0,0.0,0.0,,
de:08416:10232:0:1,Tübingen Auf dem Kreuz,4,0.0,0.0,0.0,0.0,,
de:08416:10231:0:1,Tübingen Sternwarte,4,0.0,0.0,0.0,0.0,,
de:08416:10233:0:1,Tübingen Max-Planck-Institute,4,0.0,0.0,0.0,0.0,,
de:08416:10229:0:1,Tübingen Maria-von-Linden-Str.,4,0.0,0.0,0.0,0.0,,
de:08416:10234:0:1,Tübingen Waldhäuser Straße,17,0.0,0.0,0.0,0.0,,
de:08416:10214:0:4,Tübingen Weißdornweg,4,0.0,0.0,0.0,0.0,,
de:08416:10242:0:4,Tübingen Winkelwiese,8,0.275,0.338,0.0,0.0,,
de:08416:10241:0:4,Tübingen Niethammerstraße,7,0.143,0.157,0.0,0.0,,
de:08416:10240:0:4,Tübingen Corrensstraße,8,0.125,0.138,0.0,0.0,,
de:08416:10243:0:4,Tübingen Schönblick,8,0.125,0.15,0.0,0.0,,
de:08416:10810:0:1,Tübingen Sternplatz,10,0.0,0.0,0.0,0.0,,
de:08416:10811:0:1,Tübingen Kiesäckerstraße,10,0.0,0.0,0.0,0.0,,
de:08416:10812:0:1,Tübingen Königsberger Straße,9,0.0,0.0,0.0,0.0,,
de:08416:10814:0:1,Tübingen Görlitzer Weg,7,0.0,0.0,0.0,0.0,,
de:08416:10817:0:1,Tübingen Tilsiter Weg,7,0.0,0.0,0.0,0.0,,
de:08416:10815:0:1,Tübingen Wennf. Garten,7,0.0,,0.0,,,
de:08416:10815:0:4,Tübingen Wennf. Garten,3,,0.0,,0.0,,
de:08416:10817:0:4,Tübingen Tilsiter Weg,3,0.0,0.3,0.0,0.0,,
de:08416:10814:0:4,Tübingen Görlitzer Weg,3,0.233,0.233,0.0,0.0,,
de:08416:10812:0:4,Tübingen Königsberger Straße,5,0.36,0.46,0.0,0.0,,
de:08416:10811:0:4,Tübingen Kiesäckerstraße,3,0.7,0.8,0.0,0.0,,
de:08416:10810:0:4,Tübingen Sternplatz,3,0.733,0.833,0.0,0.0,,
de:08416:10243:0:1,Tübingen Schönblick,5,0.0,0.0,0.0,0.0,,
de:08416:10240:0:1,Tübingen Corrensstraße,5,0.0,0.0,0.0,0.0,,
de:08416:10241:0:1,Tübingen Niethammerstraße,5,0.0,0.0,0.0,0.0,,
de:08416:10242:0:1,Tübingen Winkelwiese,7,0.0,0.0,0.0,0.0,,
de:08416:10209:0:4,Tübingen Horemer,8,0.2,0.2,0.0,0.0,,
de:08416:10208:0:4,Tübingen Haydnweg,8,0.212,0.25,0.0,0.0,,
de:08416:10207:0:4,Tübingen Wanne Kunsthalle,9,0.178,0.244,0.0,0.0,,
de:08416:10206:0:4,Tübingen Beethovenweg,9,0.2,0.211,0.0,0.0,,
de:08416:10205:0:4,Tübingen Botanischer Garten,9,0.178,0.178,0.0,0.0,,
de:08416:10124:1:6,Tübingen Auf der Morgenstelle,9,0.167,0.167,0.0,0.0,,
de:08416:10202:0:4,Tübingen Frondsbergstraße,8,0.162,0.2,0.0,0.0,,
de:08416:10201:0:4,Tübingen Quenstedtstraße,8,0.162,0.188,0.0,0.0,,
de:08416:10200:0:4,Tübingen Uni-Kliniken Tal,8,0.125,0.15,0.0,0.0,,
de:08416:10715:0:1,Tübingen Steinlach/Hbf Süd,2,0.0,0.0,0.0,0.0,,
de:08416:10702:0:1,Tübingen Moltkestraße,8,0.075,0.075,0.0,0.0,,
de:08416:10703:0:1,Tübingen Windfeldstraße,8,0.075,0.075,0.0,0.0,,
de:08416:10717:0:1,Tübingen Mühlenviertel,8,0.062,0.062,0.0,0.0,,
de:08416:12101:1:1,Tübingen Derendingen Bhf,10,0.05,0.05,0.0,0.0,,
de:08416:10709:0:1,Tübingen Marienstraße,17,0.062,0.05,0.0,0.0,,
de:08416:10711:0:4,Tübingen Danziger Straße,19,0.042,0.042,0.0,0.0,,
de:08416:10708:0:4,Tübingen Derend. Käppele,19,0.0,0.027,0.0,0.0,,
de:08416:10701:0:1,Tübingen Hauptbahnhof Süd,6,0.0,0.0,0.0,0.0,,
de:08416:10200:0:1,Tübingen Uni-Kliniken Tal,13,0.0,0.0,0.0,0.0,,
de:08416:10201:0:1,Tübingen Quenstedtstraße,13,0.0,0.0,0.0,0.0,,
de:08416:10202:0:1,Tübingen Frondsbergstraße,13,0.0,0.0,0.0,0.0,,
de:08416:10124:2:1,Tübingen Auf der Morgenstelle,16,1.006,1.006,0.0,0.0,,
de:08416:10205:0:1,Tübingen Botanischer Garten,13,0.0,0.0,0.0,0.0,,
de:08416:10206:0:1,Tübingen Beethovenweg,13,0.0,0.0,0.0,0.0,,
de:08416:10207:0:1,Tübingen Wanne Kunsthalle,13,0.0,0.0,0.0,0.0,,
de:08416:10208:0:1,Tübingen Haydnweg,13,0.0,0.0,0.0,0.0,,
de:08416:10209:0:1,Tübingen Horemer,13,0.0,0.0,0.0,0.0,,
de:08416:12101:1:4,Tübingen Derendingen Bhf,11,0.0,0.0,0.0,0.0,,
de:08416:10717:0:4,Tübingen Mühlenviertel,9,0.0,0.0,0.0,0.0,,
de:08416:10703:0:4,Tübingen Windfeldstraße,9,0.0,0.022,0.0,0.0,,
de:08416:10702:0:4,Tübingen Moltkestraße,9,0.0,0.022,0.0,0.0,,
de:08416:10715:0:4,Tübingen Steinlach/Hbf Süd,2,0.0,0.0,0.0,0.0,,
de:08416:10701:0:4,Tübingen Hauptbahnhof Süd,7,0.0,0.0,0.0,0.0,,
de:08416:10700:0:4,Tübingen Hegelstraße,9,0.0,0.0,0.0,0.0,,
de:08416:10044:0:1,Tübingen Neckarhalde,8,0.0,0.0,0.0,0.0,,
de:08416:10045:0:1,Tübingen Biesingerstraße,8,0.0,0.0,0.0,0.0,,
de:08416:10046:0:1,Tübingen Ernst-Bloch-Straße,8,0.0,0.0,0.0,0.0,,
de:08416:10047:0:1,Tübingen Hennentalweg,16,0.0,0.0,0.0,0.0,,
de:08416:10016:0:4,Tübingen Rappenberg,16,0.0,0.0,0.0,0.0,,
de:08416:10048:0:4,Tübingen Hirschauer Straße,16,0.0,0.0,0.0,0.0,,
de:08416:10254:0:4,Tübingen Amselweg,1,2.0,2.0,2.0,2.0,,
de:08416:10255:0:4,Tübingen Sperberweg,1,1.5,1.5,1.5,1.5,,
de:08416:10256:0:4,Tübingen Bei den Römergräbern,1,1.2,1.2,1.2,1.2,,
de:08416:10248:0:4,Tübingen Wolfgang-Stock-Str.,1,1.0,1.0,1.0,1.0,,
de:08416:10247:0:4,Tübingen Haußerstraße,1,0.7,1.0,0.7,1.0,,
de:08416:10245:0:4,Tübingen Im Winkelrain,1,0.5,0.7,0.5,0.7,,
de:08416:10244:0:4,Tübingen Untere Heulandsteige,1,0.2,0.2,0.2,0.2,,
de:08416:10506:0:1,Tübingen Mohlstraße,3,0.0,0.0,0.0,0.0,,
de:08416:10244:0:1,Tübingen Untere Heulandsteige,3,0.0,0.0,0.0,0.0,,
de:08416:10245:0:1,Tübingen Im Winkelrain,3,0.0,0.0,0.0,0.0,,
de:08416:10247:0:1,Tübingen Haußerstraße,2,0.0,0.0,0.0,0.0,,
de:08416:10248:0:1,Tübingen Wolfgang-Stock-Str.,2,0.0,0.0,0.0,0.0,,
de:08416:10256:0:1,Tübingen Bei den Römergräbern,2,0.0,0.0,0.0,0.0,,
de:08416:10255:0:1,Tübingen Sperberweg,2,0.0,0.0,0.0,0.0,,
de:08416:10254:0:1,Tübingen Amselweg,2,0.0,0.0,0.0,0.0,,
de:08416:10252:0:1,Tübingen Sand Drosselweg,2,0.0,,0.0,,,
de:08416:10046:0:4,Tübingen Ernst-Bloch-Straße,8,0.0,0.0,0.0,0.0,,
de:08416:10045:0:4,Tübingen Biesingerstraße,8,0.0,0.0,0.0,0.0,,
de:08416:10044:0:4,Tübingen Neckarhalde,8,0.0,0.0,0.0,0.0,,
de:08416:11000:15:N,Tübingen Hauptbahnhof,14,0.0,0.0,0.0,0.0,,
de:08416:10306:0:1,Tübingen Jürgensenstraße,4,0.0,0.0,0.0,0.0,,
de:08416:10302:0:1,Tübingen Neuhaldenstraße,4,0.0,0.0,0.0,0.0,,
de:08416:10307:0:1,Tübingen Eichhaldenstraße,4,0.0,0.0,0.0,0.0,,
de:08416:11000:13:K,Tübingen Hauptbahnhof,5,0.0,0.0,0.0,0.0,,
de:08416:10192:0:3,Tübingen Parkhaus König,5,0.12,0.12,0.0,0.0,,
de:08416:10100:0:1,Tübingen Rappstraße,5,0.12,0.12,0.0,0.0,,
de:08416:10101:0:1,Tübingen Aischbachstraße,5,0.0,0.0,0.0,0.0,,
de:08416:10112:0:1,Tübingen Gösstraße,3,0.0,0.0,0.0,0.0,,
de:08416:10111:0:1,Tübingen F.-Dannenmann-Str.,3,0.0,0.0,0.0,0.0,,
de:08416:10113:0:1,Tübingen Stephanuskirche,3,0.233,0.233,0.0,0.0,,
de:08416:10103:0:1,Tübingen Hagellocher Weg,5,0.14,0.233,0.0,0.0,,
de:08416:10104:0:1,Tübingen Weilerhalde,3,0.0,0.0,0.0,0.0,,
de:08416:10105:0:1,Tübingen Kreuzberg,3,0.0,0.0,0.0,0.0,,
de:08416:10106:0:1,Tübingen Neuhalde,3,0.0,0.0,0.0,0.0,,
de:08416:10107:0:1,Hagelloch Rathaus,6,2.683,2.683,0.0,0.0,,
de:08416:10108:0:4,Hagelloch Dornäckerweg,8,2.783,9.0,0.3,9.0,,
de:08416:11000:14:I,Tübingen Hauptbahnhof,6,0.0,0.0,0.0,0.0,,
de:08416:10018:0:1,Tübingen Kelternplatz,5,0.0,0.0,0.0,0.0,,
de:08416:10017:0:1,Tübingen Weberstraße,2,0.0,0.0,0.0,0.0,,
de:08416:10014:2:8,Tübingen Haagtor,2,0.0,0.0,0.0,0.0,,
de:08416:10049:0:1,Tübingen Lichtenberger Weg,2,0.0,0.0,0.0,0.0,,
de:08416:10050:0:1,Tübingen Unteres Burgholz,2,0.0,0.0,0.0,0.0,,
de:08416:10051:0:1,Tübingen Burgholzweg,2,0.0,0.0,0.0,0.0,,
de:08416:10013:0:1,Tübingen Bismarckturm,2,0.0,,0.0,,,
de:08416:11000:12:D,Tübingen Hauptbahnhof,11,0.0,0.0,0.0,0.0,,
de:08416:10600:0:1,Tübingen Österbergstraße,3,0.0,0.0,0.0,0.0,,
de:08416:10608:0:1,Tübingen Doblerstraße,3,0.0,0.0,0.0,0.0,,
de:08416:10601:0:1,Tübingen Wielandshöhe,3,0.0,0.0,0.0,0.0,,
de:08416:10602:0:1,Tübingen Kleiststraße,3,0.0,,0.0,,,
de:08416:10603:0:1,Tübingen Stauffenbergstraße,3,,,,,,
de:08416:10604:0:1,Tübingen Fritz-Bauer-Straße,3,,,,,,
de:08416:10607:0:4,Tübingen Österberg,3,,,,,,
de:08416:10604:0:4,Tübingen Fritz-Bauer-Straße,3,,,,,,
de:08416:10606:0:4,Tübingen Rechter Österberg,3,,,,,,
de:08416:10605:0:4,Tübingen Schwabstraße,3,,,,,,
de:08416:10039:0:1,Tübingen Hermann Hepper Halle,3,0.0,0.0,0.0,0.0,,
de:08416:12041:2:2,Tübingen Westbahnhof,1,0.0,0.0,0.0,0.0,,
de:08416:10057:0:1,Tübingen Schwärzlocher Täle,1,0.0,0.0,0.0,0.0,,
de:08416:10054:0:4,Tübingen Schwärzl. Str. 111,1,0.0,0.0,0.0,0.0,,
de:08416:10053:0:4,Tübingen Schwärzlocher Str. 79,1,0.0,0.0,0.0,0.0,,
de:08416:10052:0:4,Tübingen Schwärzlocher Str. 45,1,0.0,0.0,0.0,0.0,,
de:08416:10014:1:4,Tübingen Haagtor,1,0.0,0.0,0.0,0.0,,
de:08416:10017:0:4,Tübingen Weberstraße,1,0.0,0.0,0.0,0.0,,
de:08416:12041:4:3,Tübingen Westbahnhof,2,0.0,0.0,0.0,0.0,,
de:08416:10041:0:1,Tübingen Sindelfinger Str.,2,0.0,0.0,0.0,0.0,,
de:08416:10042:0:1,Tübingen Städt. Fuhrpark,2,0.0,0.0,0.0,0.0,,
de:08416:10043:0:4,Tübingen Weststadt,2,0.0,,0.0,,,
de:08416:10921:0:1,Tübingen Hechinger Eck,2,0.0,0.0,0.0,0.0,,
de:08416:10922:0:1,Tübingen Alexanderstraße,2,0.0,0.0,0.0,0.0,,
de:08416:10730:0:1,Tübingen Waldhörnlestraße,4,0.0,0.0,0.0,0.0,,
de:08416:10726:0:4,Tübingen Ernst-Simon-Straße,4,0.0,0.0,0.0,0.0,,
de:08416:10727:0:4,Tübingen Horn-Straße,4,0.0,0.0,0.0,0.0,,
de:08416:10716:0:4,Tübingen Neuffenstraße,2,0.0,0.0,0.0,0.0,,
de:08416:10911:0:4,Tübingen Brühlstraße,2,0.0,0.0,0.0,0.0,,
de:08416:10707:0:4,Tübingen Albrechtstraße,2,0.0,0.0,0.0,0.0,,
de:08416:10102:0:1,Tübingen Hasenbühl,2,0.0,0.0,0.0,0.0,,
de:08416:10103:0:4,Tübingen Hagellocher Weg,2,,0.0,,0.0,,
de:08416:10102:0:4,Tübingen Hasenbühl,2,0.0,0.0,0.0,0.0,,
de:08416:10115:0:4,Tübingen Herrenberger Str.,2,0.0,0.0,0.0,0.0,,
de:08416:10101:0:4,Tübingen Aischbachstraße,2,0.0,0.0,0.0,0.0,,
de:08416:10100:0:4,Tübingen Rappstraße,2,0.0,0.0,0.0,0.0,,
de:08416:10707:0:1,Tübingen Albrechtstraße,2,0.0,0.0,0.0,0.0,,
de:08416:10911:0:1,Tübingen Brühlstraße,2,0.0,0.0,0.0,0.0,,
de:08416:10716:0:1,Tübingen Neuffenstraße,2,0.0,0.0,0.0,0.0,,
de:08416:10708:0:1,Tübingen Derend. Käppele,2,0.0,0.0,0.0,0.0,,
de:08416:10711:0:1,Tübingen Danziger Straße,2,0.0,0.0,0.0,0.0,,
de:08416:10236:0:1,Tübingen Hans-Geiger-Weg,2,0.0,0.0,0.0,0.0,,
de:08416:10237:0:1,Tübingen Ferd.-Chr.-Baur-Str.,2,0.0,0.0,0.0,0.0,,
de:08416:10238:0:1,Tübingen Kunsthalle,1,0.0,0.0,0.0,0.0,,
de:08416:10626:0:1,Tübingen Düsseldorfer Str.,4,0.0,0.0,0.0,0.0,,
de:08416:10623:0:1,Tübingen Betriebshof TüBus,2,0.0,0.0,0.0,0.0,,
de:08416:10625:0:1,Tübingen Schaffhausenstraße,2,0.0,0.0,0.0,0.0,,
de:08416:10624:0:1,Tübingen August-Bebel-Str.,2,0.0,0.0,0.0,0.0,,
de:08416:10622:0:4,Tübingen Neckarsulmer Str.,2,0.0,0.0,0.0,0.0,,
de:08416:10619:0:4,Tübingen Bismarckstr.,2,0.0,0.0,0.0,0.0,,
de:08416:10621:0:4,Tübingen Brückenstraße,2,0.0,0.0,0.0,0.0,,
de:08416:10620:0:4,Tübingen Biererstraße,2,0.0,0.0,0.0,0.0,,
de:08416:10313:0:1,Tübingen Benzstraße,2,0.0,0.0,0.0,0.0,,
de:08416:10312:0:4,Tübingen Am Mühlbach,2,0.0,0.0,0.0,0.0,,
de:08416:10331:0:4,Tübingen Deichelweg,2,0.0,0.0,0.0,0.0,,
de:08416:10627:0:1,Tübingen Egeriaplatz,2,0.0,,0.0,,,
de:08416:10627:0:4,Tübingen Egeriaplatz,2,,0.0,,0.0,,
de:08416:10331:0:1,Tübingen Deichelweg,4,0.0,0.0,0.0,0.0,,
de:08416:10312:0:2,Tübingen Am Mühlbach,4,0.0,0.0,0.0,0.0,,
de:08416:10313:0:4,Tübingen Benzstraße,2,0.0,0.0,0.0,0.0,,
de:08416:10620:0:1,Tübingen Biererstraße,2,0.0,0.0,0.0,0.0,,
de:08416:10621:0:1,Tübingen Brückenstraße,2,0.0,0.0,0.0,0.0,,
de:08416:10619:0:1,Tübingen Bismarckstr.,2,0.0,0.0,0.0,0.0,,
de:08416:10622:0:1,Tübingen Neckarsulmer Str.,2,0.0,0.0,0.0,0.0,,
de:08416:10610:0:1,Tübingen Jugendherberge,2,0.0,0.0,0.0,0.0,,
de:08416:10336:0:1,Tübingen Kielmeyerstraße,2,0.0,0.0,0.0,0.0,,
de:08416:10611:0:1,Tübingen Hundskapfklinge,2,0.0,0.0,0.0,0.0,,
de:08416:10334:0:1,Tübingen Gartenstraße,2,0.0,0.0,0.0,0.0,,
de:08416:10612:0:1,Tübingen Aeulestraße,2,0.0,0.0,0.0,0.0,,
de:08416:10613:0:1,Tübingen Nürtinger Straße,2,0.0,0.0,0.0,0.0,,
de:08416:10311:0:7,Tübingen Dieselstraße,2,0.0,0.0,0.0,0.0,,
de:08416:10303:0:7,Tübingen Kreuzstraße,2,0.0,0.0,0.0,0.0,,
de:08416:10304:0:4,Tübingen Carlo-Steeb-Str.,2,0.0,,0.0,,,
de:08416:10239:0:4,Tübingen Tropenklinik,1,0.0,0.0,0.0,0.0,,
de:08416:10246:0:1,Tübingen Gottlieb-Olpp-Straße,1,0.0,0.0,0.0,0.0,,
de:08416:10227:0:1,Tübingen Öhlerweg,1,0.0,0.0,0.0,0.0,,
de:08416:10228:0:4,Tübingen Ursrainer Ring,1,0.0,,0.0,,,
de:08416:10820:0:2,Tübingen Sudetenstraße,3,0.0,0.0,0.0,0.0,,
de:08416:10828:0:1,Tübingen Galgenberg,3,0.0,0.0,0.0,0.0,,
de:08416:10823:0:4,Tübingen Bergfriedhof Ost,3,0.0,0.0,0.0,0.0,,
de:08416:10822:0:4,Tübingen Bergfriedhof Süd,3,0.0,0.0,0.0,0.0,,
de:08416:10821:0:4,Tübingen Bergfriedhof West,3,0.0,,0.0,,,
de:08416:10615:0:1,Tübingen Eisenbahnstr.(Tunnel),1,0.0,0.0,0.0,0.0,,
de:08416:10616:0:1,Tübingen Au Ost,1,0.0,0.0,0.0,0.0,,
de:08416:10617:0:1,Tübingen Neckaraue,1,0.0,0.0,0.0,0.0,,
de:08416:10618:0:4,Tübingen Vor dem Großholz,1,0.0,,0.0,,,
de:08416:10107:0:4,Hagelloch Rathaus,2,9.0,9.0,9.0,9.0,,
de:08416:10124:1:2,Tübingen Auf der Morgenstelle,2,9.0,9.0,9.0,9.0,,
de:08416:13240:0:1,Hirschau Volksbank,3,6.0,6.0,8.3,8.3,,
de:08416:13245:0:N,Hirschau Kirchplatz,3,6.0,6.0,8.3,8.3,,
de:08416:3243:0:1,Wurmlingen Rössle,3,6.0,6.0,8.3,8.3,,
de:08416:3250:0:1,Rottenburg Friedhof Sülchen,3,6.0,6.0,8.3,8.3,,
de:08416:3251:0:1,Rottenburg Sülchenstraße,3,6.0,6.0,8.3,8.3,,
de:08416:1004:1:D,Rottenburg E.-Bolz-Platz,3,6.0,8.0,8.3,8.0,,
de:08416:3104:0:1,Rottenburg Theoderich,2,8.0,8.0,8.0,8.0,,
de:08416:3247:0:2,Wendelsheim Adlerplatz,2,8.0,8.0,8.0,8.0,,
de:08416:3248:0:2,Wendelsheim Schwabstraße,2,8.0,8.0,8.0,8.0,,
de:08416:3256:0:1,Oberndorf Rottenburger Str.,2,8.0,8.0,8.0,8.0,,
de:08416:3241:0:1,Oberndorf Feuersee,2,8.0,8.7,8.0,8.7,,
de:08416:5240:0:W,Poltringen Ammerbrücke,1,8.7,,8.7,,,
de:08416:5240:0:O,Poltringen Ammerbrücke,2,,0.0,,0.0,,
de:08416:3241:0:2,Oberndorf Feuersee,3,0.0,0.0,0.0,0.0,,
de:08416:3256:0:2,Oberndorf Rottenburger Str.,3,3.033,3.133,0.0,0.0,,
de:08416:3248:0:1,Wendelsheim Schwabstraße,3,5.867,5.9,8.2,8.3,,
de:08416:3247:0:1,Wendelsheim Adlerplatz,3,5.8,5.833,8.0,8.1,,
de:08416:3103:0:0,Rottenburg Schelmen,3,5.433,5.533,6.9,7.2,,
de:08416:1004:1:E,Rottenburg E.-Bolz-Platz,3,6.3,5.167,9.4,7.4,,
de:08416:3251:0:2,Rottenburg Sülchenstraße,3,5.167,5.167,7.4,7.4,,
de:08416:3250:0:2,Rottenburg Friedhof Sülchen,3,5.3,5.433,7.4,7.4,,
de:08416:3243:0:2,Wurmlingen Rössle,3,5.0,5.167,7.4,7.4,,
de:08416:13245:0:S,Hirschau Kirchplatz,3,4.733,5.167,6.8,7.4,,
de:08416:13240:0:4,Hirschau Volksbank,3,5.067,5.233,7.4,7.4,,
de:08416:4404:0:1,Wankheim Helleräcker,6,0.0,0.0,0.0,0.0,,
de:08416:4010:0:2,Wankheim Siedlung,6,0.0,0.0,0.0,0.0,,
de:08416:4402:0:2,Wankheim Walbenstraße,6,0.0,0.0,0.0,0.0,,
de:08416:4403:0:1,Wankheim Pfarrhaus,6,0.0,0.0,0.0,0.0,,
de:08416:4005:0:1,Mähringen Ortsmitte,6,0.0,0.0,0.0,0.0,,
de:08416:4405:0:1,Mähringen Bahnhofstraße,3,0.0,0.0,0.0,0.0,,
de:08416:4008:0:1,Immenhausen Ochsen,6,0.0,0.0,0.0,0.0,,
de:08416:4407:0:2,Stockach,1,0.0,0.0,0.0,0.0,,
de:08416:4421:0:1,Gomaringen Hinterweiler Str.,6,0.0,0.0,0.0,0.0,,
de:08416:4409:0:1,Gomaringen Ziegelgrubenstr.,6,0.0,0.0,0.0,0.0,,
de:08416:4410:0:1,Gomaringen ZOB,8,0.0,0.8,0.0,0.0,,
de:08416:4419:0:0,Gomaringen Lindenstr.,5,1.2,1.2,0.0,0.0,,
de:08416:4411:0:2,Gomaringen Friedhof,5,1.6,1.6,0.0,0.0,,
de:08416:4412:0:2,Gomaringen Öschinger Str.,5,2.0,2.0,0.0,0.0,,
de:08416:4422:0:2,Gomaringen Lubbachstr.,5,2.4,2.4,0.0,0.0,,
de:08416:4415:0:1,Gomaringen Bachstraße,5,2.8,2.8,0.0,0.0,,
de:08416:4499:0:2,Gomaringen Bahnhofstraße 2,5,3.2,3.2,0.0,0.0,,
de:08416:4407:0:1,Stockach,4,0.0,0.0,0.0,0.0,,
de:08416:4410:0:3,Gomaringen ZOB,3,0.0,,0.0,,,
de:08416:11000:13:M,Tübingen Hauptbahnhof,2,0.0,0.0,0.0,0.0,,
de:08416:10503:0:1,Tübingen Uni / Neue Aula,1,0.0,0.0,0.0,0.0,,
de:08416:16350:0:1,Bebenhausen Waldhorn,1,0.0,0.0,0.0,0.0,,
de:08115:7036:0:4,Weil i. S. Kälberstelle,1,0.0,0.0,0.0,0.0,,
de:08416:6352:0:1,Dettenhausen Tübinger Straße,1,0.0,0.0,0.0,0.0,,
de:08416:6348,Dettenhausen Torstraße (Bf),1,,,,,,
de:08416:6349:2:1,Dettenhausen Bahnhof,2,0.0,0.0,0.0,0.0,,
de:08416:6353:0:1,Dettenhausen Alte Post,1,0.0,0.0,0.0,0.0,,
de:08115:2815:0:4,Waldenbuch Bonholz,1,0.0,0.0,0.0,0.0,,
de:08115:3119:1:4,Waldenbuch Schloss,1,0.0,0.0,0.0,0.0,,
de:08115:3129:0:4,Waldenbuch Altstadt,1,0.0,0.0,0.0,0.0,,
de:08115:3118:0:4,Waldenbuch Liebenau,1,0.0,0.0,0.0,0.0,,
de:08115:3122:0:4,Waldenbuch Hallenbad,1,0.0,0.0,0.0,0.0,,
de:08115:3130:0:4,Waldenbuch Stadion,1,0.0,0.0,0.0,0.0,,
de:08115:3131:0:4,Waldenbuch Hasenhof,1,0.0,0.0,0.0,0.0,,
de:08115:7106:1:4,Steinenbronn Kirche,1,0.0,0.0,0.0,0.0,,
de:08115:7108:0:4,Steinenbronn Im Alten See,1,0.0,0.0,0.0,0.0,,
de:08115:7111:1:4,Steinenbronn Goldäcker,1,0.0,0.0,0.0,0.0,,
de:08116:7104:1:4,Musberg Seebruckenmühle,1,0.0,0.0,0.0,0.0,,
de:08116:7177:0:4,Leinfelden Sportzentrum,1,0.0,0.0,0.0,0.0,,
de:08116:2142:0:4,Echterdingen Kelterrain,1,0.0,0.0,0.0,0.0,,
de:08116:3113:0:4,Echterdingen Tübinger Str.,1,0.0,0.0,0.0,0.0,,
de:08116:7179:0:3,Echterdingen Waldhornstraße,2,0.0,0.0,0.0,0.0,,
de:08116:7178:1:4,Echterdingen Hirschstr.,1,0.0,0.0,0.0,0.0,,
de:08116:7003:2:1,Echterdingen Bf,1,0.0,0.0,0.0,0.0,,
de:08116:7180:1:4,Echterdingen Stadionstr.,1,0.0,0.0,0.0,0.0,,
de:08116:2102:0:3,Echterdingen Friedhof,1,0.0,0.0,0.0,0.0,,
de:08116:7182:0:4,Echterdingen Messe West,1,0.0,0.0,0.0,0.0,,
de:08116:2103:3:2,Echterdingen Flughafen/Messe (SAB),2,0.0,0.0,0.0,0.0,,
de:08116:7182:0:3,Echterdingen Messe West,1,0.0,0.0,0.0,0.0,,
de:08116:7180:2:3,Echterdingen Stadionstr.,1,0.0,0.0,0.0,0.0,,
de:08116:7003:2:3,Echterdingen Bf,1,0.0,0.0,0.0,0.0,,
de:08116:7178:2:3,Echterdingen Hirschstr.,1,0.0,0.0,0.0,0.0,,
de:08116:3113:0:3,Echterdingen Tübinger Str.,1,0.0,0.0,0.0,0.0,,
de:08116:2142:0:3,Echterdingen Kelterrain,1,0.0,0.0,0.0,0.0,,
de:08116:7177:0:3,Leinfelden Sportzentrum,1,0.0,0.0,0.0,0.0,,
de:08116:7104:1:3,Musberg Seebruckenmühle,1,0.0,0.0,0.0,0.0,,
de:08115:7111:1:3,Steinenbronn Goldäcker,1,0.0,0.0,0.0,0.0,,
de:08115:3119:1:3,Waldenbuch Schloss,1,0.0,0.0,0.0,0.0,,
de:08115:2815:0:3,Waldenbuch Bonholz,1,0.0,0.0,0.0,0.0,,
de:08416:6353:0:4,Dettenhausen Alte Post,1,0.0,0.0,0.0,0.0,,
de:08416:6352:0:4,Dettenhausen Tübinger Straße,1,0.0,0.0,0.0,0.0,,
de:08115:7036:0:3,Weil i. S. Kälberstelle,1,0.0,0.0,0.0,0.0,,
de:08416:16350:0:4,Bebenhausen Waldhorn,1,0.0,0.0,0.0,0.0,,
